email,first_name,last_name
john.smith@faketests.com,John,Smith
sarah.johnson@faketests.com,Sarah,Johnson
mike.williams@faketests.com,Mike,Williams
emma.brown@faketests.com,Emma,Brown
,David,Jones
lisa.garcia@faketests.com,Lisa,Garcia
james.miller@faketests.com,James,Miller
jennifer.davis@faketests.com,Jennifer,Davis
robert.martinez@faketests.com,Robert,Martinez
amanda.rodriguez@faketests.com,Amanda,Rodriguez
chris.wilson@faketests.com,Chris,Wilson
ashley.anderson@faketests.com,Ashley,Anderson
matt.thomas@faketests.com,Matt,Thomas
jessica.taylor@faketests.com,Jessica,Taylor
daniel.moore@faketests.com,Daniel,Moore
emily.jackson@faketests.com,Emily,Jackson
andrew.martin@faketests.com,Andrew,Martin
olivia.lee@faketests.com,Olivia,Lee
josh.perez@faketests.com,Josh,Perez
sophia.thompson@faketests.com,Sophia,Thompson
ryan.white@faketests.com,Ryan,White
megan.harris@faketests.com,Megan,Harris
kevin.sanchez@faketests.com,Kevin,Sanchez
rachel.clark@faketests.com,Rachel,Clark
brian.ramirez@faketests.com,Brian,Ramirez
totally-invalid-email,Invalid,Person
nicole.lewis@faketests.com,Nicole,Lewis
steve.robinson@faketests.com,Steve,Robinson
laura.walker@faketests.com,Laura,Walker
marcus.young@faketests.com,Marcus,Young
